Embryo,Genotype,WEV,Asymmetric_Brain,1,2,3,4,5,6,7,8,9,10,11,12,13,14,15,16,17,18,19,20,21,22,23,24,25,26,27,28,29,30,31,32,33,34,35,36,37,38,39,40,41,42,43,44,45,46,47,48,49,50,51,52,53,54,55,56,57,58,59,60,61,62,63,64,65,66,67,68,69,70,71,72,73,74,75,76,77,78,79,80,81,82,83,84,85,86,87,88,89,90,91,92,93,94,95,96,97,98,99,100,101,102,103,104,105,106,107,108,109,110,111,112,113,114,115,116,117,118,119,120,121,122,123,124,125,126,127,128,129,130,131,132,133,134,135,136,137,138,139,140,141,142,143,144,145,146,147,148,149,150,151,152,153,154,155,156,157,158,159,160,161,162,163,164,165,166,167,168,169,170,171,172,173,174,175,176,177,178,179,180,181,182,183,184,185,186,187,188,189,190,191,192,193,194,195,196,197,198,199,200,201,202,203,204,205,206,207,208,209
200926_ku20_e1_wt_veh,WT,2283711,N,0,0,173130,0,0,0,0,0,0,0,0,0,0,0,0,0,29336,18389,13373,11181,12497,0,51283,36927,27315,3680,331,0,970,2306,124,72,15,25,500,3600,4341,352,31,10640,3471,2457,5937,767,1940,126,766,2405,21843,317,608,83862,35061,21348,6656,2294,56,6106,260,5,7066,2415,2827,4808,2050,591,453,156,1126,5954,940,35,0,27,5237,918,164,292,444,720,112,56,700,184,23,123,167,160,43,301,68,27,79040,26907,43419,1506,109,212,637,149,25,59,226,192,138,44,13,431,230,67,264,120,2135,1026,584,105,330,886,899,1027,164,1037,20,898,1170,4453,1817,226,36,262,58,63,17,118,70,182,81,189,214,308,75,94,40,730,1878,591,32,538,479,1580,3951,381,344,606,402,56,138,175,113,99,386,429,567,516,52,98,109,239,727,799,150,457,156,149,480,90,85,47,16,1734,214,1474,5763,6954,3472,1468,1338,5751,1678,4233,86,572,102,52,292,867,4501,3081,5058,8905,0,0,0,106,1809,28146,47913,0,5642
200926_ku20_e2_wt_veh,WT,1727435,N,0,0,124875,0,0,0,0,0,0,0,0,0,0,0,0,0,19767,13881,10413,9782,9741,0,46395,28035,23441,3253,219,0,458,1796,87,89,11,7,361,2345,1674,277,36,8050,2172,1878,4097,371,1145,116,635,1752,17563,189,297,51747,23862,12162,3950,972,20,3663,294,2,4561,1499,1276,2463,1386,539,383,110,719,4521,833,57,0,31,5701,651,139,169,295,535,73,35,451,123,32,86,154,178,35,252,51,16,71645,21076,26011,912,89,174,330,94,25,27,184,135,118,20,9,341,280,23,420,121,1702,1221,491,60,159,839,436,562,271,1315,24,619,832,3445,1045,113,55,260,82,44,17,51,53,91,47,171,181,303,55,83,24,591,1044,311,12,185,399,2396,3168,330,45,485,339,31,110,178,80,27,72,142,468,1616,21,22,13,90,751,545,150,294,204,55,198,42,58,38,12,1079,156,1353,4794,5816,4010,1272,399,4049,1285,3860,124,525,154,54,286,64,3225,2407,3381,6440,0,0,0,33,949,16904,27827,0,3787
201123_ku23_e2_wt_veh,WT,3026337,Y,0,0,243598,0,0,0,0,0,0,0,0,0,0,0,0,0,24596,17392,16944,15684,16023,0,70584,41025,38717,6019,692,0,2134,2778,189,137,16,34,2109,3024,5755,703,54,13909,5330,3276,8717,1275,2971,138,873,2999,22715,801,770,135044,60523,31865,12251,2998,135,8642,267,7,12425,7719,8361,8967,4277,1279,579,269,1724,9126,896,24,0,86,5146,696,198,340,587,725,133,50,865,182,45,190,210,167,289,396,114,32,98972,38083,41498,1603,88,184,997,181,30,120,199,248,147,65,146,319,238,84,327,177,4833,1581,987,99,146,1626,802,1622,254,1143,17,998,1728,6291,3223,407,114,422,152,96,31,184,153,255,140,316,408,598,61,152,45,1049,3753,164,18,486,608,2289,4603,470,334,857,651,67,217,266,165,114,629,544,1098,816,75,374,281,342,857,1441,166,884,273,346,758,97,155,75,21,4671,213,1824,7394,9756,4466,2144,1143,9307,1991,5808,134,637,113,46,203,248,7455,3231,7608,13230,0,0,0,163,3207,34293,55667,0,5700
201123_ku26_e4_wt_veh,WT,2138277,Y,0,0,195367,0,0,0,0,0,0,0,0,0,0,0,0,0,17256,16075,10596,16233,12791,0,53516,37057,28430,4758,502,0,779,2484,174,74,26,10,365,2802,2623,471,34,10823,2794,2556,5916,704,1851,139,635,2743,24908,187,347,77506,38162,24600,6178,1922,53,6508,225,4,7315,2616,1953,4471,2426,747,464,142,1073,6881,1284,22,0,43,6422,878,197,330,456,635,99,62,690,102,39,115,173,142,22,302,69,25,78448,30383,29957,1158,34,157,472,172,45,41,193,194,123,27,23,319,226,57,259,225,3131,996,575,110,67,1113,528,1275,277,555,2,476,1022,3529,1742,226,69,238,81,65,22,100,64,133,77,198,139,337,55,112,24,626,1639,98,13,332,463,1213,2584,558,316,592,389,45,67,182,82,83,519,412,484,608,41,83,100,310,449,1143,146,518,145,241,672,75,178,101,24,2320,272,1506,5577,7376,4240,1656,379,5545,1979,4230,146,476,103,29,195,67,4177,2128,3785,10763,0,0,0,81,2338,22943,39386,0,8568
201124_ku55_e1_wt_veh,WT,2734997,Y,0,0,217806,0,0,0,0,0,0,0,0,0,0,0,0,0,26340,18594,15816,16244,14185,0,64761,37338,34396,4592,627,0,1965,2629,240,216,21,35,1022,2802,4637,522,57,12115,3839,3096,7123,858,2337,159,940,2698,22490,610,550,113957,56876,26175,8787,2511,61,6013,267,8,9349,3546,3347,6829,3936,414,621,226,1554,6793,750,21,0,71,4820,800,194,1578,616,886,149,45,787,177,38,85,142,211,176,358,150,26,85016,32378,55584,1543,39,129,1289,220,41,116,197,225,158,62,11,452,285,979,486,212,3408,1081,937,104,288,1250,589,4322,189,1888,38,1323,1408,6384,3176,537,61,300,132,75,21,137,116,128,94,332,458,662,72,109,62,717,2834,620,55,648,625,1996,4013,336,343,917,529,52,128,169,130,200,543,523,650,771,57,255,203,282,860,1031,206,659,390,293,611,87,141,90,28,3481,468,2378,6655,9676,4564,2019,1261,7932,1925,4444,125,819,146,64,201,1004,6130,3100,6787,12541,0,0,0,108,895,34963,54044,0,5116
201124_ku55_e3_wt_veh,WT,2678232,Y,0,0,223069,0,0,0,0,0,0,0,0,0,0,0,0,0,17860,17260,12949,14563,13499,0,62512,36849,31432,5119,658,0,2553,2776,201,174,18,30,1138,2956,4948,575,40,13284,4570,2703,6473,986,2320,294,916,2658,21531,364,595,108963,51320,27351,7563,2277,54,7328,245,8,11490,4184,3534,6032,2923,917,565,227,1483,8026,746,31,0,62,5115,749,173,1428,893,959,148,53,678,187,44,108,163,210,61,265,73,30,91317,31240,50605,1587,57,170,706,204,40,125,251,235,180,47,13,487,219,101,437,125,2804,1448,1056,115,281,1196,787,2892,197,1438,35,1160,1515,5341,2694,378,89,322,104,92,23,123,113,133,103,350,406,627,73,137,30,763,2948,461,42,556,551,2123,4497,414,283,798,557,44,222,199,116,183,557,574,768,923,71,274,212,241,767,1429,218,806,289,296,644,110,159,101,20,3616,231,2252,5953,8402,4613,1885,1455,7720,1867,4366,116,860,129,56,181,1205,5699,2865,6012,10001,0,0,0,130,2540,28139,50065,0,5424
201124_ku55_e5_wt_veh,WT,2778141,N,0,0,222218,0,0,0,0,0,0,0,0,0,0,0,0,0,26728,18650,15144,14577,14601,0,62765,38366,35017,5539,444,0,1909,2610,239,163,20,25,1001,2867,3899,524,74,11833,4037,3249,6550,939,2483,184,986,3284,22563,525,558,106902,52479,28735,7764,2600,34,6631,217,6,9931,4262,2714,7570,3365,1527,568,176,1340,6637,962,28,0,78,5190,710,188,2316,627,953,129,60,776,176,33,188,142,167,128,302,111,21,99313,38550,50946,1770,86,322,1128,222,38,93,206,212,136,51,13,498,253,215,468,119,2649,1014,905,163,564,1314,372,2915,151,1649,29,1237,1375,6351,2444,463,52,244,84,61,25,116,69,166,71,291,331,605,77,106,37,1309,3236,634,59,748,660,2080,4928,496,348,680,622,68,143,183,140,198,522,566,602,672,68,199,170,354,691,1110,202,627,321,300,686,109,155,81,23,3295,362,2750,6690,8725,4450,2047,980,7988,1891,5054,164,826,156,56,222,1672,6327,3017,7198,9211,0,0,0,108,1259,32465,55680,0,6237
201124_ku55_e7_wt_veh,WT,2770855,N,0,0,222050,0,0,0,0,0,0,0,0,0,0,0,0,0,26763,18722,15266,14798,14657,0,62898,38838,34463,5475,461,0,1855,2639,236,165,15,28,1042,2814,4025,513,66,11808,4078,3335,6638,955,2393,153,910,3172,22479,504,564,106522,52765,28573,7722,2833,54,6578,235,4,9928,4390,2618,7391,3072,1596,617,180,1331,6561,990,28,0,64,5188,733,181,2352,618,982,108,66,758,187,35,191,134,168,128,309,118,19,98564,38631,50528,1799,43,290,945,199,33,88,210,201,154,54,17,483,268,178,498,124,2723,1155,965,163,522,1311,402,2991,147,1598,32,1229,1266,6331,2599,488,48,255,81,62,20,103,74,178,95,352,307,670,77,95,38,1233,3240,615,58,701,684,2105,4720,491,364,692,668,64,138,205,139,196,516,564,596,659,68,187,188,378,701,1150,184,657,336,340,697,109,173,81,25,3491,340,2719,6730,8667,4326,2013,1023,7764,1835,5128,152,789,152,52,225,1609,6333,2950,7153,9235,0,0,0,110,1282,32596,56162,0,6334
201126_ku28_e2_wt_veh,WT,2898105,Y,0,0,233796,0,0,0,0,0,0,0,0,0,0,0,0,0,20568,21049,15938,15628,15347,0,68572,40917,36498,5819,508,0,2048,2740,192,153,22,36,1241,2935,4555,663,67,11994,4361,3145,8326,1186,2777,126,906,3342,23664,406,605,103405,53954,24394,9180,2563,81,7254,218,4,10430,2990,4184,7340,2975,1106,597,221,1628,8064,797,16,0,74,5407,704,233,303,645,745,159,51,701,182,41,111,166,207,63,350,76,23,99788,36490,35889,1403,45,194,555,178,32,140,187,234,129,57,56,425,273,112,278,211,4366,961,695,131,340,1734,574,1394,165,2071,33,1643,1554,6752,2650,479,68,363,92,71,27,123,96,121,90,353,469,576,92,137,35,903,2814,941,39,576,707,2422,4900,517,336,930,613,68,155,213,143,183,628,581,853,719,73,295,226,345,804,1498,216,563,379,375,641,150,213,98,28,3776,509,2761,7011,8406,4183,2009,1257,7157,2042,5320,105,608,122,47,172,512,6178,3073,6389,10066,0,0,0,150,2233,35045,58341,0,5337
201127_ku22_e1_wt_veh,WT,2459303,N,0,0,215321,0,0,0,0,0,0,0,0,0,0,0,0,0,20605,22439,18635,19015,14540,0,61127,38498,35602,5196,473,0,2453,2380,148,66,13,28,1012,2948,4291,574,59,11027,2766,2647,6349,828,2159,155,852,3287,21641,342,564,90800,46104,19805,6398,1863,43,6136,238,7,8267,2363,2734,5133,2526,911,457,160,1256,6919,678,34,0,75,5251,751,192,343,518,747,126,59,678,139,53,115,175,189,68,374,73,18,89203,32519,25100,1066,39,181,517,183,42,105,207,174,129,57,32,434,233,69,312,190,4324,995,533,75,82,1283,388,1023,167,2114,33,712,1275,6813,2044,373,34,260,85,38,6,49,64,56,71,221,203,541,28,61,53,964,1905,885,27,561,463,2889,3979,496,285,543,483,53,105,182,55,86,447,555,695,774,87,140,161,185,598,1180,165,538,287,277,441,249,166,55,27,4093,315,2211,6131,7249,3695,1868,2139,5997,1862,5138,93,522,101,42,184,85,4991,2410,5230,10290,0,0,0,147,1242,29749,59227,0,5956
201127_ku22_e8_wt_veh,WT,2615008,N,0,0,222383,0,0,0,0,0,0,0,0,0,0,0,0,0,26315,21056,16280,17354,15206,0,61911,39701,35791,5858,452,0,2246,2384,150,88,12,23,1077,2680,4734,554,66,12037,4249,2674,7575,936,2594,157,836,2750,22003,414,632,105691,52647,25234,7256,2511,69,6963,251,2,9976,3461,2795,5626,2584,684,550,176,1408,7547,622,24,0,96,4988,585,194,228,426,746,119,40,738,161,36,122,181,211,88,410,77,34,93302,32130,34916,1594,43,128,603,173,39,106,204,226,115,55,17,357,297,84,376,116,4002,1109,630,96,90,1239,565,1325,200,1568,33,885,1306,5232,2614,515,52,278,93,44,15,74,66,112,89,261,321,487,46,104,36,891,2041,776,25,284,502,3688,4415,456,401,600,491,58,125,177,90,121,521,502,772,784,66,98,106,209,491,994,184,687,276,393,297,117,119,33,18,3183,278,2573,6475,7668,4118,1619,1497,6048,1838,5354,139,654,120,53,176,104,5260,2392,5259,9529,0,0,0,162,1345,28903,51987,0,5928
201127_ku23_e3_wt_veh,WT,3188663,Y,0,0,249134,0,0,0,0,0,0,0,0,0,0,0,0,0,23354,19924,14519,16076,15281,0,68715,39662,34313,6043,551,0,2339,2933,228,168,13,12,2141,2826,4277,667,54,13208,5084,4147,8498,1021,2950,128,1108,3330,22880,656,589,153712,70448,31713,14461,3055,84,8719,185,7,12882,5945,5522,8968,5234,7897,701,404,2248,7896,787,14,0,107,4938,644,223,2429,702,759,139,48,882,168,42,107,185,262,291,291,216,36,104894,40057,54555,2346,89,144,1073,217,52,188,212,306,134,62,47,485,264,477,477,178,2967,972,834,131,483,1720,842,5550,226,1201,36,1474,1656,8186,2531,490,170,327,106,88,39,204,103,146,201,383,500,1039,90,203,31,651,4977,279,35,570,570,2106,5520,478,463,984,682,74,146,276,174,249,659,855,504,1122,73,331,236,409,995,1795,325,788,345,335,762,94,137,66,56,4912,539,2528,7187,11049,5247,2526,1434,8574,2139,5399,134,874,187,59,131,1836,7974,4018,8789,11084,0,0,0,108,3352,41961,58695,0,7168
201127_ku55_e6_wt_veh,WT,2666475,N,0,0,221205,0,0,0,0,0,0,0,0,0,0,0,0,0,23991,19418,14332,16242,14176,0,64694,38623,35188,5682,521,0,1759,2635,187,151,16,16,822,2997,4902,598,37,10305,3840,3204,6835,766,2379,164,1010,2786,22014,473,616,116961,50643,24041,9848,2309,59,8770,243,9,9325,3980,3381,5778,2686,1099,597,196,1405,7333,611,20,0,74,5799,671,115,3025,810,722,145,54,647,234,39,203,114,188,83,294,122,24,87346,36326,45828,1592,60,272,517,201,35,136,172,226,151,71,6,315,253,544,258,193,2584,701,816,95,338,2020,846,4233,186,1383,31,1276,1407,6822,2823,373,56,259,115,64,21,94,77,168,93,300,396,500,62,111,38,657,2567,518,40,521,558,1642,3607,432,454,698,630,103,118,182,114,176,559,577,606,800,66,137,199,174,717,748,132,729,205,289,675,99,149,88,29,2836,364,2290,6803,9063,4361,2102,1064,8199,1780,4165,163,829,170,121,210,1546,6977,2852,7969,9565,0,0,0,120,1192,35591,49013,0,4897
201210_ku25_e7_wt_veh,WT,2020080,N,0,0,166590,0,0,0,0,0,0,0,0,0,0,0,0,0,15579,6197,7150,6124,11099,0,49882,29699,21229,3005,423,0,355,1852,139,32,17,16,1141,2799,1983,407,3,9167,2350,2174,5445,714,1447,148,892,1430,19196,395,293,73766,32195,13867,5370,1545,21,4847,196,4,6280,2427,1911,3757,1928,443,437,225,1223,5669,885,373,0,26,5920,2999,200,761,534,581,92,28,392,94,66,85,132,55,64,236,66,11,71757,24749,34858,1371,62,121,573,90,19,44,166,147,154,17,17,395,168,58,246,169,1684,1063,751,55,198,934,722,943,169,721,21,706,1150,3487,1164,104,53,276,118,98,36,129,95,102,50,142,213,208,55,46,33,352,825,323,26,390,418,993,2451,318,246,463,488,52,117,115,114,104,503,405,442,399,30,133,95,240,635,751,111,352,127,291,354,62,104,49,13,2999,139,525,4597,6883,3451,1911,905,6007,1487,3535,140,627,91,37,314,287,3836,3137,5071,13292,0,0,0,267,1591,16858,47000,0,4622
201210_ku52_e3_wt_veh,WT,1853984,N,0,0,153388,0,0,0,0,0,0,0,0,0,0,0,0,0,24932,13167,11942,13809,12039,0,49391,29984,28191,3263,407,0,665,1650,114,59,12,14,461,1937,1742,328,47,7218,1710,1889,4469,588,1427,83,611,1585,17825,142,276,66315,26849,15385,3529,1166,44,4537,173,0,4667,1401,1512,2729,1564,552,458,124,916,5932,627,43,0,50,4659,745,104,217,308,460,78,57,548,94,33,71,137,163,44,254,59,13,69361,23175,25613,1067,71,142,475,132,28,76,150,147,87,35,15,161,212,56,416,132,3212,1427,550,68,92,990,274,796,98,2066,51,808,909,3192,1084,197,49,179,66,35,9,64,58,101,59,158,249,445,41,62,27,661,1067,1113,31,303,547,2112,2469,375,68,420,403,50,63,195,94,54,124,238,298,607,54,40,27,77,754,515,97,347,266,105,349,74,107,59,12,974,226,1297,4824,5829,3642,1831,1567,4143,1607,4153,109,487,73,25,125,79,3116,4137,4110,7435,0,0,0,99,778,15500,43150,0,1999
201210_ku52_e4_wt_veh,WT,2969051,N,0,0,218554,0,0,0,0,0,0,0,0,0,0,0,0,0,28111,12949,13965,12676,13532,0,64298,41240,34349,4904,571,0,1623,2499,186,104,18,53,1138,3404,6461,580,55,11329,3608,2624,8787,1126,2529,157,874,3043,22968,481,480,125489,44536,31082,9433,3337,81,8235,253,4,10997,3617,4395,7829,3371,1196,523,326,1588,8638,1234,19,0,42,5685,987,207,336,592,855,129,53,783,213,38,124,175,141,44,417,82,21,91847,33324,40179,1703,373,320,752,140,22,68,249,236,125,33,43,446,279,56,467,206,4786,2519,680,79,224,1978,446,1473,132,2666,44,1280,1941,6788,2558,444,56,324,97,54,15,99,86,183,106,368,472,581,74,131,29,805,2393,905,83,651,663,2248,5122,524,304,842,638,59,212,209,163,210,453,568,1022,691,57,281,185,461,1034,1008,178,693,249,255,521,130,118,62,22,4042,349,3653,7840,9085,5015,2625,1114,7417,2101,4897,144,488,116,28,262,240,6144,4103,7032,10530,0,0,0,85,2893,33034,62464,0,4788
201210_ku55_e2_wt_veh,WT,2659520,N,0,0,211557,0,0,0,0,0,0,0,0,0,0,0,0,0,27448,17005,13391,14322,13954,0,65634,37091,36901,5135,431,0,2113,2665,231,183,24,29,1474,3152,4364,481,74,11716,3655,2870,6956,954,2538,196,1243,3492,22243,676,561,109599,56100,27988,9478,2710,80,6767,258,4,9572,3816,2346,6251,2944,1078,530,219,1398,7092,689,27,0,76,5312,730,218,1627,687,778,123,51,736,172,49,163,167,192,192,282,113,18,94889,32507,48126,1468,77,300,1038,189,35,71,217,232,142,55,76,437,249,181,468,166,3522,1472,775,112,268,1354,459,3357,167,1385,35,1309,1333,5901,1457,388,72,310,110,92,31,147,104,102,67,240,408,600,95,133,46,1644,2514,205,21,234,362,1989,3856,552,262,653,626,58,124,132,82,184,580,597,601,485,43,252,214,240,413,1374,147,489,202,329,359,145,140,50,20,4428,350,3033,6643,8633,4210,2065,991,7240,1894,4938,140,782,170,66,167,713,6063,2938,7104,9465,0,0,0,169,1314,31080,56973,0,5297
201220_ku52_e2_wt_veh,WT,2440785,N,0,0,191590,0,0,0,0,0,0,0,0,0,0,0,0,0,33072,17060,16369,15592,13358,0,58178,36090,32940,4212,544,0,1194,2043,157,69,12,28,695,2587,4374,509,51,9686,2900,2026,6165,919,1956,143,669,2357,20585,317,455,100961,33478,22942,7667,1010,11,7693,209,3,7607,2918,2074,5080,2593,385,468,171,1316,6398,799,24,0,44,4939,758,154,269,465,665,120,54,637,160,32,92,187,187,56,326,49,24,86030,34299,27836,1401,22,149,425,162,21,61,214,197,126,36,13,174,247,25,364,183,4762,1116,492,87,123,1167,376,854,142,2657,103,1044,1455,6125,2057,370,60,233,71,37,14,48,56,137,123,257,332,471,51,113,27,493,2369,1365,62,658,612,1896,4658,422,177,735,454,48,168,188,123,93,306,353,488,641,52,79,82,207,725,794,128,366,250,150,448,69,93,51,20,2464,331,2119,6387,6791,3643,2857,1161,6055,1877,5049,92,556,122,47,208,160,5243,4523,5973,9639,0,0,0,115,653,19475,53246,0,4109
201124_ku28_e3_het_veh,HET,2214567,Y,0,0,185400,0,0,0,0,0,0,0,0,0,0,0,0,0,14090,16570,11966,13490,12104,0,54256,32989,31461,4405,430,0,2001,2263,179,98,19,20,587,2730,3685,383,35,9637,2725,2555,5607,698,1809,121,901,2432,21080,434,490,87150,38620,15442,7088,2005,74,10084,165,5,6959,2120,2703,4724,2225,784,488,150,1154,6439,742,29,0,60,5178,1172,185,330,467,609,145,43,636,142,54,109,148,205,84,318,61,11,81611,27623,39743,1242,57,168,487,170,40,120,145,166,129,45,22,284,203,75,259,153,4084,833,762,89,162,3980,273,886,215,1255,14,804,937,4275,1561,289,87,218,101,61,14,82,65,92,33,161,171,417,52,106,32,909,1914,482,29,404,386,1855,3940,551,217,483,419,52,109,138,63,48,383,498,482,443,65,137,106,216,353,1089,131,552,210,261,437,148,140,54,25,2468,292,1981,5051,6983,3355,1752,1102,5709,1724,4498,95,624,118,46,223,131,4104,2835,4585,9014,0,0,0,145,901,24575,46486,0,5264
201124_ku28_e5_het_veh,HET,2606512,Y,0,0,206074,0,0,0,0,0,0,0,0,0,0,0,0,0,19392,16956,12918,15750,13215,0,57311,36108,33624,5628,456,0,1991,2730,207,198,13,17,385,2726,4196,522,29,11227,4109,2829,7108,812,2330,203,871,2442,22097,428,529,104630,54574,22414,8410,2658,48,6718,219,4,9400,5412,2884,7329,2906,1678,590,212,1409,7660,1071,22,0,77,5369,668,267,1162,780,989,139,45,591,180,51,217,133,172,52,295,239,15,92809,29731,37422,1990,24,318,1673,135,25,86,178,190,125,39,123,495,229,579,378,151,4832,1031,775,117,203,1313,467,2992,224,1138,33,1020,1520,5747,1874,246,55,392,148,91,27,129,100,127,90,282,332,399,69,106,54,790,2813,391,33,461,521,1769,4176,384,334,911,550,57,123,170,93,193,557,487,564,524,55,260,219,235,690,1304,200,591,251,317,648,109,151,96,20,3213,326,2657,6096,9066,3996,1964,1074,7558,1887,4223,136,746,193,116,180,1362,5656,2879,6064,8855,0,0,0,124,1231,33170,47030,0,5888
201127_ku22_e2_het_veh,HET,2876420,N,0,0,237573,0,0,0,0,0,0,0,0,0,0,0,0,0,17941,18741,12787,16437,15199,0,63146,40248,33676,5668,442,0,1879,2690,195,129,23,50,1479,3351,5201,789,36,12970,5378,3593,9152,1245,3429,167,971,3068,25530,528,787,128606,70476,29568,10776,3219,121,10526,200,6,15240,3732,3766,7261,3701,659,515,250,1687,8474,1026,12,0,105,4894,624,179,262,666,667,141,63,754,152,38,126,191,216,183,373,65,26,98041,30336,35660,1618,72,138,530,195,40,141,216,230,127,60,11,443,273,53,323,232,5472,1206,591,132,105,2155,658,1499,364,748,21,755,1040,5118,3015,465,71,135,98,58,20,129,91,137,100,299,212,335,48,84,45,1112,3202,663,14,347,575,2013,4449,649,365,843,629,86,173,187,222,120,725,504,1029,996,109,529,353,243,788,1359,194,928,246,368,637,108,133,72,41,3610,456,2040,7367,9109,4310,2402,2187,5846,1739,5697,165,560,133,58,145,163,6626,3024,5636,10494,0,0,0,103,3183,32933,42015,0,9439
201127_ku22_e3_het_veh,HET,2727066,Y,0,0,233815,0,0,0,0,0,0,0,0,0,0,0,0,0,18460,17545,13929,16445,15012,0,63683,38614,34465,6053,424,0,2207,2442,185,112,18,22,1580,3121,4861,671,40,12667,4325,3121,8153,937,2898,145,903,3389,22270,443,732,118287,54337,28744,9240,1724,16,8337,211,6,10944,3650,3574,6625,3303,760,501,211,1545,8079,753,31,0,101,5157,717,167,238,577,781,108,48,748,162,56,134,181,209,69,353,69,32,99405,27563,33639,1803,89,137,626,164,30,135,225,232,131,45,20,315,191,59,292,184,5150,1047,710,111,91,1357,551,1604,198,1419,34,846,1338,6572,2758,494,66,411,86,68,24,86,97,107,99,290,203,639,63,120,25,680,2091,180,33,463,575,2420,4326,674,422,710,555,89,131,297,69,88,677,526,744,923,65,478,445,273,677,1288,167,629,344,397,323,211,332,69,26,4126,386,2741,6318,8885,3681,1801,1630,6969,1945,5680,87,581,94,47,215,113,6612,2678,5465,11079,0,0,0,191,1493,33396,53019,0,7083
201127_ku22_e5_het_veh,HET,2736443,N,0,0,224854,0,0,0,0,0,0,0,0,0,0,0,0,0,21877,22620,12816,17454,14851,0,59394,41811,34026,5498,580,0,1672,2593,181,101,14,13,1398,2928,4745,596,60,12156,4156,3023,7980,1390,3053,123,977,3711,22175,455,759,102899,65854,26009,10319,3108,120,10236,228,6,14574,5763,3720,7839,3323,850,505,204,1443,7555,701,10,0,112,4769,710,220,269,520,762,123,50,818,183,41,128,165,196,82,358,88,20,95816,25178,37151,1773,58,125,693,171,43,99,219,228,123,68,33,345,223,49,486,234,4998,1168,819,95,98,1937,418,1360,123,1020,18,770,1175,6832,2508,531,61,329,135,72,20,91,79,156,96,404,349,554,54,94,41,1165,2238,183,24,484,431,1902,3558,558,329,948,585,90,244,171,116,106,643,470,1192,717,96,385,345,347,482,1635,93,1200,319,229,789,121,164,101,38,2955,324,1605,6112,9010,4220,2088,1481,6115,1931,5224,108,516,123,32,151,119,6911,2662,5179,11632,0,0,0,186,4137,27867,43072,0,8004
201127_ku26_e5_het_veh,HET,3214328,N,0,0,255876,0,0,0,0,0,0,0,0,0,0,0,0,0,13462,16274,9877,16696,15950,0,68300,43042,37172,6288,585,0,2291,2652,189,126,19,18,2821,2995,6487,747,36,14927,6927,3768,11663,1457,3962,167,1002,3696,28432,971,838,138065,81663,33594,14389,3540,118,11802,237,4,19888,9381,4866,10465,4651,726,639,321,1924,10066,793,11,0,129,4588,607,240,350,656,762,155,55,934,279,41,139,213,248,291,407,87,22,97173,26318,34613,1896,44,163,870,157,34,128,234,389,149,48,23,447,191,96,361,274,4999,1410,721,99,110,2751,821,1905,211,1047,24,1514,1737,7815,2843,661,122,377,146,111,28,167,130,230,187,507,456,724,71,199,44,1059,3886,107,10,237,664,2513,5435,581,369,1141,715,86,198,304,131,128,526,763,1180,1363,109,184,183,392,865,1268,195,831,466,400,430,212,257,106,37,4727,347,2391,7470,9911,3844,1469,980,6815,1741,6582,135,639,166,72,141,145,8997,3199,6897,9105,0,0,0,27,3899,42166,51681,0,5495
201127_ku28_e6_het_veh,HET,2853772,Y,0,0,235908,0,0,0,0,0,0,0,0,0,0,0,0,0,16243,18826,8952,12777,15288,0,65876,38942,34378,6357,521,0,2638,2774,236,173,14,23,1746,2759,5011,672,72,13375,4311,2971,7254,1106,2500,304,987,3150,20739,692,599,123366,53733,22746,9858,2498,71,8162,269,5,11634,3895,3315,7431,3275,1474,700,338,1921,7751,862,22,0,88,5042,770,212,792,831,770,132,58,822,209,41,137,204,158,173,369,84,20,89615,28483,49238,1845,92,170,681,149,35,116,284,292,150,43,27,349,235,73,399,184,4862,1126,782,111,283,1532,773,2457,188,1646,20,1211,1347,6685,4807,447,130,378,144,83,29,161,145,93,89,343,437,769,67,171,38,717,1879,923,50,567,660,2582,4512,549,348,863,609,70,141,218,158,158,546,502,834,1127,98,234,248,235,885,1671,188,842,373,345,590,122,190,91,24,4854,567,2590,6685,9252,3961,2165,1894,7561,1966,4652,129,685,131,63,174,989,6639,3385,6554,9389,0,0,0,188,2490,35223,50201,0,5769
201130_ku28_e4_het_veh,HET,2682788,Y,0,0,216462,0,0,0,0,0,0,0,0,0,0,0,0,0,14563,20191,16197,15542,13006,0,58153,37490,31965,5054,555,0,1748,2923,183,150,13,26,521,2017,3254,520,44,12233,4345,3096,7548,1019,2538,119,909,2268,19960,693,513,108020,59911,27145,9098,2535,92,6963,242,5,11537,1552,529,13280,3691,999,690,191,1402,7214,756,17,0,70,5036,881,180,2335,592,760,146,44,673,141,45,89,156,182,247,253,98,10,89574,28339,52065,1834,70,169,888,231,42,115,132,183,131,54,20,357,217,206,492,119,2895,1096,664,147,497,1521,617,1008,254,1027,13,891,1018,5734,2380,512,75,382,107,115,31,168,124,83,48,196,240,485,63,146,31,807,3477,466,33,432,581,1771,4779,468,372,744,686,65,114,182,104,191,581,606,658,642,65,268,223,328,589,1594,233,816,282,399,653,112,197,101,25,3383,394,3136,6119,9439,4256,2386,1140,7891,1896,4616,165,827,183,105,130,1021,6140,3287,7383,9383,0,0,0,127,2233,32976,52152,0,5735
201210_ku25_e1_het_veh,HET,1889125,Y,0,0,151358,0,0,0,0,0,0,0,0,0,0,0,0,0,14721,8608,6652,5956,9568,0,43193,34104,21331,2855,425,0,469,1924,129,70,11,4,471,2039,1356,318,3,7945,2070,1958,4877,806,1417,59,705,1219,19577,273,351,68655,29275,16839,4672,1370,26,6308,198,3,5297,1716,1760,3218,1873,568,416,220,1101,5067,1501,17,0,30,5380,1958,168,256,333,652,86,28,418,70,54,105,109,105,65,178,92,12,76337,17217,24427,1046,55,130,1220,85,23,43,112,134,98,21,10,262,126,142,135,102,2261,916,624,98,77,1092,320,729,161,752,10,665,686,1848,1281,173,24,148,30,27,54,98,33,160,60,159,355,219,53,63,10,321,776,268,21,488,382,855,2636,291,209,295,390,41,59,104,63,59,488,361,296,379,31,101,108,126,476,736,89,360,122,140,352,46,85,54,7,2392,206,553,3772,6539,3045,1790,1003,4984,1816,3733,87,472,86,36,479,84,2996,2661,4718,10601,0,0,0,208,492,15617,45406,0,3896
201210_ku25_e5_het_veh,HET,2156924,Y,0,0,182234,0,0,0,0,0,0,0,0,0,0,0,0,0,14087,8919,7786,7692,11716,0,50400,35154,25447,3511,494,0,773,2204,128,49,18,15,717,2183,2268,320,17,9124,2690,2356,5959,739,1695,95,1059,2074,17996,308,439,85502,33306,18247,5533,2014,41,6808,250,2,6868,2110,1973,4020,2361,529,685,214,1417,5365,1725,8,0,42,5188,1485,194,272,402,656,100,51,595,123,40,61,119,133,61,251,71,9,91866,18186,28839,1205,44,108,1044,106,27,40,113,346,111,21,11,376,166,102,261,168,4448,1063,481,67,112,1336,494,710,187,354,5,479,1029,3540,2057,229,57,261,106,49,19,128,126,82,47,140,157,335,35,135,38,517,850,509,54,367,507,1204,3085,283,242,488,374,32,91,125,103,122,532,490,513,514,30,173,189,223,771,869,129,572,261,243,384,59,115,69,12,2225,336,1462,4493,6273,2780,1915,1329,5468,2032,3880,71,517,88,50,245,180,3965,3974,5423,8164,0,0,0,183,677,18474,59054,0,4972
201210_ku25_e8_het_veh,HET,2099023,Y,0,0,184004,0,0,0,0,0,0,0,0,0,0,0,0,0,16696,6638,8327,5754,10767,0,49066,33732,20569,3660,487,0,473,2085,253,164,18,32,557,3216,3471,468,7,9536,3007,2637,5097,745,1890,150,737,2391,19770,579,428,85925,41678,15769,7531,1813,60,5760,183,2,7084,2235,2223,4370,2004,543,626,263,1165,7229,1358,118,0,21,5767,3521,205,502,538,504,79,47,487,136,64,101,155,65,83,302,77,15,67464,23040,29198,1625,54,157,587,80,21,53,154,151,148,16,21,271,120,156,243,177,3363,893,774,87,219,1065,548,618,170,791,8,408,775,3431,1571,311,25,211,41,25,17,70,48,81,40,156,138,231,29,46,19,674,1221,415,34,418,432,1095,3537,546,223,595,500,75,170,135,103,139,480,544,444,382,35,168,175,163,594,1170,140,330,144,278,422,62,102,39,15,2771,222,1264,4745,6246,3392,252,295,5219,1787,3567,247,550,126,56,297,286,5038,3084,4224,10286,0,0,0,4,1929,19928,46663,0,5383
201210_ku25_e9_het_veh,HET,1938515,Y,0,0,169334,0,0,0,0,0,0,0,0,0,0,0,0,0,13178,5882,5072,4447,9081,0,47639,36023,20070,3366,468,0,286,1981,125,18,12,25,485,3254,1930,421,7,8827,2011,2036,4455,905,1339,100,803,1268,17372,281,274,75907,37236,11218,4851,1590,42,5700,123,4,6900,612,963,4249,2083,630,453,250,1064,5080,2437,13,0,25,5816,2793,146,387,402,482,91,33,411,131,46,95,133,74,43,156,48,9,76288,16459,31242,1051,73,333,562,84,21,38,132,137,148,17,7,284,138,93,201,172,2911,895,637,89,210,1637,332,613,244,667,25,542,868,2170,1177,153,52,199,57,32,15,54,46,90,28,134,219,174,32,46,15,357,1163,243,24,372,320,591,2804,383,222,355,432,50,85,100,93,77,503,381,422,398,11,112,120,182,513,792,94,399,151,235,210,31,97,37,7,2433,199,572,3843,8769,3567,957,1056,4667,1538,3721,86,516,100,39,433,214,3250,3434,4669,12590,0,0,0,52,553,18619,31444,0,3818
201210_ku52_e1_het_veh,HET,2437000,Y,0,0,207134,0,0,0,0,0,0,0,0,0,0,0,0,0,5885,5193,767,3468,10600,0,53014,39821,26922,4997,369,0,1473,2287,133,64,9,39,1387,2799,4649,521,32,11145,4783,2473,6817,996,2324,135,958,2861,20677,753,550,124881,53539,24684,9616,2352,65,7880,203,8,9891,3182,4361,6978,2972,846,596,188,1139,7291,919,24,0,59,4282,613,147,243,567,785,113,39,656,186,31,131,190,123,104,364,78,16,68364,30487,26395,1627,34,157,550,103,28,77,233,211,140,34,34,338,254,64,377,207,5850,1646,544,184,70,1550,401,1515,128,2540,61,782,1055,5474,1482,436,66,274,87,50,22,44,46,105,69,206,215,374,40,130,29,1165,2613,2110,96,780,495,2532,5846,456,233,584,551,48,116,131,96,89,271,415,654,880,51,89,103,406,603,838,118,465,198,159,432,110,98,48,17,3813,229,2257,6212,7148,4755,2846,1160,6709,1862,4847,94,528,124,50,131,117,6023,4192,6320,8676,0,0,0,183,1199,25156,66671,0,3989
201210_ku52_e7_het_veh,HET,2285946,Y,0,0,184523,0,0,0,0,0,0,0,0,0,0,0,0,0,25193,16002,13772,11930,12289,0,54183,32187,29832,4982,370,0,1253,2087,144,84,12,19,665,2379,4016,439,17,9442,3214,2261,5842,1001,1861,111,775,1923,20099,193,411,93613,38617,23071,7061,1988,45,5748,192,6,7331,1687,2857,4898,2178,803,583,137,1051,6025,648,39,0,35,4524,951,141,244,481,768,94,44,594,135,38,113,160,162,22,309,49,15,79694,27289,30776,1751,72,142,499,166,26,80,181,167,104,42,32,381,230,43,362,160,4048,920,500,116,82,984,374,826,129,3136,64,820,960,5943,1417,245,34,420,47,15,15,33,30,136,63,216,153,398,45,62,21,605,2954,796,57,369,395,2273,4274,388,131,668,395,51,82,204,62,80,253,420,669,487,57,100,51,332,538,770,135,570,213,147,306,119,82,45,13,2278,201,2412,5527,6286,4406,2533,1801,5434,1761,4273,100,518,112,52,197,89,4673,3399,5204,8132,0,0,0,105,1078,25814,49323,0,4757
